{"classes": ["Amsterdam", "Bangkok", "Barcelona", "Berlin", "Cairo", "Cape Town", "Dubai", "Istanbul", "London", "Moscow", "New York", "Paris", "Rome", "San Francisco", "Singapore", "Sydney", "Tokyo", "Venice"], "scaler_params": {"min": [-0.5, 0.0, -7.16666666666666, -0.3333333333333333], "scale": [0.01, 0.011111111111111112, 1.6666666666666652, 0.3333333333333333], "data_min": [50.0, 0.0, 4.3, 1.0], "data_max": [150.0, 90.0, 4.9, 4.0], "data_range": [100.0, 90.0, 0.6000000000000005, 3.0]}}